uid,prediction
1844045271814558464,approved
1840349097823778816,approved
1488102613362294272,approved
555529923942874624,approved
1010213070486150912,approved
1370869366423076096,approved
330376665149701632,approved
1927955299575152640,approved
1159047042546043392,approved
1554054683645373952,approved
1676852773276240128,approved
1335872516146736128,approved
1108136757019277312,approved
377730059464573952,approved
1023043463617453824,approved
1330300438669223424,declined
616202901359100928,approved
1719969690061707264,approved
386429838180140544,declined
163503573735491072,approved
589002367753259776,approved
1624159202162825472,approved
1199766196625364480,approved
1764959440829781248,approved
2052268685839561216,approved
491562678034080000,approved
246407842196583680,approved
1876328185836784128,declined
1746196453053390592,approved
1881651989321915136,approved
338491284569821952,approved
2170815315848952064,approved
2038568716979398912,approved
360728088399126784,approved
2216883487142359808,approved
41901781976476672,approved
686905329240415232,approved
677271186488669696,approved
1347618836918130688,approved
277237181622085632,approved
760950293497113600,declined
1793332393680035328,approved
378300777226062080,approved
1497487387535465728,approved
1361051871822951424,approved
338976759320870144,approved
913159217280587264,approved
977559178295919872,approved
4523455718847744,approved
755418612542844416,approved
2148415844853340928,approved
2276114318132676352,approved
1364664850091501312,declined
1301317828494920960,approved
2165902075055208704,approved
1964504578109983232,approved
968968271427540480,approved
643687902856158208,approved
880512070560864512,approved
363541090164015360,approved
1147624798364392960,approved
1084556550171344640,approved
630981680482436864,approved
750588968104397312,approved
753316151520356352,approved
651401291282062080,approved
48283286553678848,approved
104104763763597824,approved
1022006555410851840,approved
1667960557485808128,approved
281465024033803776,approved
466623204835317760,approved
1667890319712287488,approved
355187702600953600,approved
72010978690933504,approved
73017781092162304,approved
1983657415382334976,approved
1803045475808785664,approved
1542787474276147200,declined
1585189182442735616,approved
283158534314326272,declined
776958106823257344,approved
1545736142455725312,approved
690104310413503232,approved
1023648623133010432,approved
1059419707469658112,approved
172370305752972288,approved
1625960182977361664,approved
508945422764850176,approved
1292732714929350400,declined
1568401440655169792,approved
178982592513325312,approved
1654524205726731008,approved
267528823403864576,approved
1968202245182248960,approved
1211562213483950336,declined
79638253655330304,approved
2151575782020284416,approved
476961624216748800,approved
260349387521736704,approved
581501539872343040,approved
993503461442204416,approved
1027248743176764416,approved
165137311055199744,approved
3533345089417984,approved
2219158690643180032,approved
1622884733306547712,approved
946282649013854208,approved
1129173391686272512,approved
1733001364604936704,approved
1695770976418940160,approved
1053250217402385664,approved
1235309451900303616,approved
1106043396785155072,approved
536647926289091072,approved
1655193844786659840,approved
70524933037345536,approved
1748946971941687296,approved
1862347666124983040,approved
2166459155435334400,approved
2045213614285419264,approved
232521676943732992,approved
998120933744423680,approved
173679606965569024,approved
193978920812816896,declined
2188384259223079424,approved
494749061666263808,approved
924469824423228672,approved
1205789645900100096,approved
1017300487220593408,approved
2006138586516131328,approved
1504515443317917952,approved
1312758449110271488,approved
1853665487833538304,approved
831943450686305792,approved
423058440992274176,approved
184525016858597376,approved
494394538966882816,approved
1060738361083155200,approved
1485354231786294784,approved
27778026650003968,approved
733595445512232704,approved
1009810557005056256,approved
980610727729065728,approved
1425986004904160768,declined
1299080718185050368,approved
790659129586450688,approved
1517548316900963072,approved
1566744763723807232,approved
807857331159329536,approved
2299982562063220224,approved
1682466254565241344,approved
262818253689757952,approved
1828711110149331456,approved
2225042256725281536,approved
622528956262182912,approved
59165627797842944,approved
497438250372428032,approved
543147287627859712,approved
1706522717169469952,approved
1542915090327796736,approved
1702786468034978816,approved
1852804617376154368,approved
2185254218565037056,approved
661475945407380480,approved
699130775314446592,declined
1094319702326647808,approved
82316772319273728,approved
1257631472934505984,approved
960005047461166080,approved
2128027764515478272,approved
1498964858558017024,approved
1915409893139630080,approved
1866686550566867456,approved
203203225286588928,approved
1079224374118365440,approved
352495040370550272,approved
491282515200777216,approved
686167439318460928,approved
1128772991562473984,approved
1730228398580129536,approved
1968427098061617664,approved
1103705131740259584,approved
64416822347923968,approved
2217885833231774464,approved
2167250636861004800,approved
2242275770800952320,approved
2266126334407141632,approved
1978742790369089536,approved
1542987150723255040,approved
2220826840750468864,approved
1541506211510347520,approved
634287763109782016,approved
455747272314120960,approved
658927248228271616,approved
1458407682462294272,approved
1136511026789385728,approved
369494521152632064,approved
811554350824050176,approved
875911937319573760,approved
985703639316660992,approved
1546598697364653312,approved
1071931400896084992,approved
859790029809587456,approved
1101729233274936576,declined
710996461688830976,approved
1808334488369959168,approved
76267191862359808,approved
65525965032037888,approved
4694017504147968,approved
1923886180780226304,approved
1197145860818894848,approved
974164214365749248,approved
2112097526128358656,approved
1108857553922843648,approved
1996046924655479296,approved
1774457163415345408,approved
799369436986838016,approved
238632024444312576,approved
1805805375337737472,approved
695439468080698880,approved
1366152514280499200,approved
1236185329967683328,approved
1092117832114169856,approved
359668560418249216,approved
1095471509772059392,approved
2067569398411365888,approved
923727381447288576,approved
844851999017242368,approved
271709329951138048,approved
1021735742394800896,approved
1780711800523400448,approved
1760979376639760640,approved
1692057528816558080,approved
979665008566428928,approved
1956707341461059584,approved
1395589435904622848,approved
1537118247006047488,approved
346696531521072640,approved
1130306559398067456,approved
1875137486804710144,approved
2225071568855988480,approved
481137149990092032,approved
176738482359543296,approved
1091996596998465024,approved
1575762982696960,approved
867914881808517376,approved
2263609246266868480,approved
1162345503596949504,approved
973112449622264832,approved
1047245250274542080,approved
389689457439869696,approved
932553609223981056,approved
142727608983342592,approved
298437344745311488,approved
1443753763886688768,approved
383365531420218112,approved
578204289092892672,approved
1918051999112010752,approved
1339496044770199552,approved
1971320413543310592,approved
960197664632878592,approved
469434130215379712,declined
137232741006752256,approved
1310572189214387456,approved
1590459845471786496,approved
1678706479318297344,declined
1583539325613188608,approved
895713887699915264,approved
512897093755495424,approved
42024856987164416,approved
307987346440101120,approved
600108200623927296,approved
1283291081539268864,approved
1450099375602815232,declined
1450522311707225600,approved
933406332501298944,approved
133287664061047808,approved
1537696291980764928,approved
267862680825742336,approved
1161808287495086592,declined
389723577376496128,approved
1025967998154655488,approved
690711805734673920,approved
2156857220096544000,approved
958151973008656640,approved
1056785467042074112,approved
1747342955615616000,approved
941373091366296832,approved
491343422417419520,approved
1236698786830748416,approved
979125618094574336,approved
1795076874195360512,approved
1513855954166818560,approved
1282134522503113472,approved
1973532956395710464,approved
775644317990916352,approved
1358454052088393472,approved
1705862605736118016,approved
227879511558926592,approved
1471003530858867456,approved
704597655925686528,approved
1043183744450066688,approved
164650317271099136,approved
714894275366523648,approved
481709394047369216,declined
1274877409512055040,approved
1335707883715250944,approved
747155017033112064,approved
1056389670378464000,approved
63391724755830016,approved
1545760932050656768,approved
28491158231559168,approved
550394327296,approved
1697432521271716352,approved
87805065501789696,approved
1948604219697389568,approved
132779067809582080,approved
1814788872886699520,approved
477566301912527360,approved
1325877944651719680,approved
1322983359941020416,approved
1970557978730942464,approved
2153503211759485440,approved
1989080035320784384,approved
337141531512344320,approved
1701077801782668800,approved
175421713081416704,approved
831085425744753408,approved
1533606189758362368,approved
358240045820402944,approved
2251575376764394240,approved
1146263721023452672,approved
2196101646031750144,approved
31653608605096448,approved
1024850387904906496,approved
1944878118847306240,approved
1969288082010274048,approved
529629084240014336,approved
481869111952843264,approved
290543241516236544,approved
1642093341127500288,approved
1743206817041144832,approved
609771784425750528,approved
1741871521143107840,approved
68041485379800320,approved
2047001899330770688,declined
1054745333804595712,approved
1212634582580076800,approved
621142023634652160,approved
146300540009963264,approved
115629371313644032,approved
369182682369918464,approved
83303897864160000,approved
487326095745811968,approved
1565310553100147200,approved
47303518804574976,approved
1086217149794939648,approved
745151203373685248,approved
1056913288911452160,approved
951744296514517760,approved
219745800924266240,approved
61177420787547392,approved
1283382351637665280,approved
1268777368982404096,approved
441163682158526208,approved
2022197626285565440,approved
1832612522200082688,approved
1097109381587029760,approved
50941630462021632,approved
1218671392260863232,approved
1125400195079049728,approved
1148981571467628032,approved
905045499609208832,approved
716807141048818176,approved
588566925689350400,approved
755856710790883328,approved
1485539321549600000,approved
1993904318856153856,approved
31852519464357120,approved
201069854593583872,approved
1774151863644612096,approved
1530263815642852608,approved
2073769697603484160,approved
357631218499893760,approved
824052538773823232,declined
602225317744710912,approved
1208607403358803968,approved
1915899454416908544,approved
610678932246741504,approved
62628817501510656,approved
2015268301926306560,approved
2195931359994894848,approved
2151344648141044992,approved
2133291169113279744,declined
410541040250504960,approved
2219935138183707904,approved
1713016084503123968,approved
267988265068359168,approved
1701334406749374720,declined
486209208056482816,approved
579335403597350144,approved
1926162375330499328,approved
281674297174654720,approved
551055225191462400,approved
2063448227548717056,approved
347093481928557312,approved
1087167119986722048,approved
1877754039048887040,approved
819624486197395200,approved
141610585603335936,approved
148250719650089728,approved
1038584984044814080,approved
2295231378435472128,approved
298459001502403328,approved
1954201116755655680,approved
1985723088876339200,approved
14771438263879680,approved
2101726116481195008,approved
1290006719948531712,approved
1621586841905304576,approved
345236678849886464,approved
1041863920391523328,approved
1602236194384478464,approved
2122811040502972160,approved
1730329843960716800,approved
841789170299227904,approved
2149975519271668224,approved
1497300884961507328,declined
374019449051769088,approved
2245187822733202944,approved
1822141692483258880,approved
2059278619126914816,approved
149813997918102016,approved
151250720853639168,approved
2174573522325405952,approved
1892601197776200960,approved
1088772757514419712,approved
178472719686493952,approved
742165706131249664,approved
70642620990174464,approved
135116389813529856,approved
1890576674690573568,declined
1038132191982358784,approved
675091883835590912,approved
1357027664023847424,approved
546285683473174016,approved
634111939424370432,declined
1126343800338764544,approved
1086237702675472640,approved
690299585164991232,approved
968358156243242752,approved
622845889377510656,approved
1283240570604206592,approved
1189069045073675008,approved
1046409909683985408,approved
1183563111043194880,approved
418492079857292544,approved
692948030481516288,approved
2004655086958487296,approved
1320043581099890432,approved
211449060533888256,approved
1402109881777965824,approved
1256906467367899136,approved
196616519236167680,approved
1183294336381173504,declined
1046403860935020544,approved
1470707954426021120,approved
527240873556253952,approved
2073853353964937216,approved
1150831429556964352,approved
324009514615095296,approved
1966786405693368576,approved
148196270610553344,approved
2056703618309611520,approved
900573205755856640,approved
355233178355436800,approved
1742554716022156288,approved
456372991495555328,approved
431473245523282176,approved
1287026717930930944,approved
1363433550028120320,approved
344243667748291584,approved
1685522838290689024,approved
290328879374202112,approved
2079560125299755520,approved
103615054270731008,approved
1973386577842303744,approved
2257434424903768064,approved
1225743466098979584,approved
2042668899120482304,approved
889467386426244096,approved
1875060723685155328,approved
1531981801323890944,approved
2085381224220439296,approved
2123016103949358848,approved
1978796066671472896,approved
1839935552781935616,approved
1191962373454537984,approved
650133185414311424,approved
1132934184864637440,approved
1377370936081381120,declined
1273026038127895808,approved
768879596787112960,approved
1418089960745580288,approved
1967529030145009920,approved
182068074254135552,declined
1574433072053300736,approved
744190193768740096,approved
1839259069752589824,approved
685237471830470144,approved
1585800958149923328,approved
991349090254495488,approved
474395911494028544,approved
192609905025518592,approved
999487243567239424,approved
1364934066908207616,approved
1715913535985953024,approved
1715012058307232000,approved
363178660924118272,approved
1802751576322103552,approved
428777363798065920,approved
929269686720225280,approved
957127170514657536,approved
342349138249339136,approved
1167863557700556800,approved
539278259637047040,approved
723633952764399872,approved
50303246702966272,approved
2303354286849803008,approved
850412378130908672,approved
869101078361089280,approved
1357337944514902016,approved
212776028859809792,approved
1528279233407632640,approved
891682366044623104,approved
1329744071697619712,approved
89739518613854976,approved
1628094089759315968,approved
1799824134231566080,approved
488766883345479680,declined
2098183120741210112,approved
2076434517306136576,approved
970853045883471616,approved
735444790669794560,approved
271754236013052928,approved
1806778725741934592,approved
827475891649746432,approved
1514421207185900032,approved
1011843172438663936,approved
2198780841317657600,approved
1259049623905839360,approved
1637039110958932480,approved
803824817034047488,approved
66248669611168000,approved
1750567473280270336,approved
291085314225988352,approved
892942432738213632,approved
2160138730894572288,approved
2047961997551416832,approved
650087070813940992,approved
1516261444972048128,approved
982927542378623744,approved
1259000239056350208,approved
843326311721210368,approved
1242052002721511680,approved
1602546018428236544,approved
827866520690320128,approved
1063736926653522432,approved
1537307743678130944,approved
1603488938429385216,approved
4870608815242240,approved
510740793721122048,approved
862269575218179584,approved
27128125449377280,approved
1272829193101657344,approved
1041946637479842304,approved
2295362471841946368,approved
257186085435745024,approved
2085848677711175936,approved
1412584348145452288,approved
4687778214534400,approved
1924488315139873792,approved
435535938061322752,approved
1636797172834557696,approved
587653715497068800,approved
447161819030821120,approved
2008984631425581056,approved
1359565485178118912,approved
844866621794662400,approved
1372793012503213056,declined
2112381856626769152,approved
204639153331454976,approved
905412825049004544,approved
675878964825784576,approved
98845936818338816,approved
76915713414257152,approved
994627016591351552,approved
637176650211507712,declined
1003198499046462464,approved
691501904713351424,approved
1666398680173503744,approved
2205894880488859136,approved
795482914812992512,approved
2282265912168226816,approved
964474586255100672,approved
836529914864939776,approved
835194002936858880,approved
153144724871919360,approved
764423939165336064,approved
1862735976901864192,approved
1779093387551921920,approved
1174035153404422400,approved
985773847760427776,declined
1043841920228590336,approved
497584819411221504,approved
1798554295634347264,approved
1529158110558703104,approved
459954664829553408,approved
453038130278908416,approved
193681352960409344,approved
1218685611341190144,approved
1116966330279417600,declined
1988583632784670720,approved
1789784765114133248,approved
1114359102979651328,approved
162445335532569856,approved
690853944540715520,approved
1927356052990991616,approved
1399158673651082752,approved
659814460673538304,approved
2245080812320178944,approved
1145804281140548608,approved
344357447960850688,approved
1846297118281332992,approved
641950228230880000,approved
1737084883383341056,declined
1667573730879257088,approved
1562824343534583552,approved
91971549228382720,approved
286059125116155648,approved
2070168034586590720,approved
1969021098742987264,approved
858949957175009280,approved
1003353585604944640,approved
887545238499935232,approved
775043054749340416,approved
374292030495562240,approved
1888154394956002560,declined
642169456243004928,approved
1637369368067892224,declined
1715071585689034240,approved
55782446338736128,approved
2275823194826050304,approved
198721514706079232,approved
426535468067937024,declined
1076797918324941824,approved
1542094455557257728,approved
1222288794552098816,declined
1001736662658018048,approved
1651953500779361280,approved
581366580518245888,approved
616096258023498752,approved
1367883704361842688,approved
359908419639207168,approved
108713218560378624,approved
1464451910264617472,approved
44872552381761536,approved
1248325590716149248,approved
1791073514964917248,approved
1080681022727374080,declined
1837015160026920960,approved
1031470698396381696,approved
976092876743266816,approved
2108966459899020032,approved
1898255950791766784,approved
120429924921741056,approved
1332289963589067008,approved
1405286886477539328,approved
1836721826905826560,approved
1677215850945456384,approved
224275651257585152,approved
1079651463546705152,approved
1498463592466397952,approved
308398645808829952,approved
947144101510838528,approved
996830107168881152,approved
193037644149498368,approved
8657228430574080,approved
1573166888510754560,approved
2037317814172488960,approved
802581774448146944,approved
745812668324680704,declined
1713506163779505664,approved
364990637651860480,approved
1423750299921141248,approved
1065111647206838784,approved
292469796423543040,approved
1950335418602921728,approved
291701763654429184,approved
696099831748129792,approved
1975765790100139264,approved
2149047050478910976,approved
991280789317304064,approved
1149652895225803008,approved
439844842454978816,approved
1945350737330072832,approved
1875900948292133376,approved
1579615934759917824,approved
1141907045980231424,approved
125546188554977280,approved
1057500869823524864,approved
518818092097199360,approved
1818060557896639488,approved
245236145666569728,approved
1726784430174349056,approved
1177844740590216960,approved
1703472135174004736,approved
434001328273620480,approved
2294124009146785280,approved
664770853011369984,approved
372037161166484224,approved
570404881828560640,approved
985898230593399040,approved
88616708331973632,approved
727644021323207680,approved
1921859950886707968,approved
1290637529669411840,approved
224699939223011072,declined
310342167883338240,approved
275527461909089280,approved
1205708354526205696,approved
700990577891560448,approved
192700000044917248,approved
1962005987152882176,approved
148550379663451136,approved
2063494342236360960,approved
1100171431010448640,declined
1171902618236695040,approved
164015264960838656,declined
1810088966906907136,approved
1916480100082018816,approved
1869296432765157632,approved
2246189308219745536,approved
133083510919079168,approved
860864668356392192,approved
323209729499350272,approved
1941837377970787072,approved
236650074713352960,approved
1874541385956791552,approved
957910613470043648,approved
223738479001888000,approved
456720540701244928,approved
57599900396094720,approved
1471927692927349760,approved
1307095228018893056,approved
607070703812265472,declined
919366239780275200,approved
1988194410618382080,approved
805346916636904448,approved
176768436139725824,approved
1665150404927819776,declined
1382132473225120768,approved
282430561943194880,approved
309846164286473728,approved
1032050477916484096,approved
62208685302094336,approved
156795699945061632,approved
437017361363847680,approved
1947339210925908736,approved
1742899323889282048,approved
629367163328945664,approved
665594388049152512,approved
936540880759569920,approved
2293952826980170240,approved
1863470498642731776,declined
1383835249319162112,approved
2213850539712256512,approved
494181745260257024,approved
1120451971390804480,approved
697486265974959360,approved
1176864958618128896,approved
325584086005621760,approved
1695529297152722688,approved
24722919026950912,approved
75110159801630976,approved
811651921139454720,approved
1223333906356209664,approved
2258182238856910848,approved
1432956056066970368,approved
664717064553559296,approved
665419593791888640,approved
611433227048726528,approved
715170942224186880,approved
1600442423144370944,approved
985283467668192768,approved
540530634565704960,approved
39600907667229696,approved
1228480622995821056,approved
1260045120580384256,approved
1816138262055175936,approved
1877215667195459584,approved
921055411179549952,approved
1135730272359164416,approved
477469611204161280,approved
1993673061091921920,approved
1880228626157166848,approved
992406172203776000,approved
21130318359894016,declined
44677074575281920,approved
284471857350923264,approved
741956684816807168,approved
12863846799702016,approved
1940878628338990848,approved
1718037080128405760,approved
197656948068467456,declined
1522805096473916160,approved
1813197587300637696,approved
1103169144151213568,approved
1154063361829341696,approved
1490266844040556288,approved
2192703420607482368,approved
1165230875519287552,approved
490021733095928576,approved
597078533881248768,approved
1519632004313665280,approved
509440651766342400,approved
621995463077337344,approved
271646061209283584,approved
564694748449547264,approved
2227072627800915712,approved
1933009595057202432,approved
1532146057129418240,approved
726393104081333504,approved
162175049329648128,approved
1660055000762054400,approved
491191097424070400,approved
1957905008253125632,approved
1133318865040483584,approved
174149619077635072,approved
1854182507662846976,approved
462912128001478400,approved
1400763004906600704,approved
198349925120945664,approved
601229386581752576,approved
1754737719755016960,approved
1871415389880030720,approved
1640189765432418304,approved
2155490052316931584,approved
538081525529980672,approved
1608084533612725504,approved
88224935717999360,approved
33871637443542272,approved
1486956918348918528,approved
167008966468000256,approved
377534910299262464,approved
2122822689281026048,approved
1141589615731234560,approved
1167188546008772096,approved
362510073548821248,approved
731863459550118912,approved
1603997404724239616,approved
1633335530172708096,approved
452469086826528000,approved
546999545924491776,approved
1292103423416339712,approved
1276710501904603392,approved
1587947018755443712,approved
2057952594304403968,approved
2006794365969282816,approved
1462113550525947136,approved
1854475374532229120,approved
1333684070587260160,approved
2272428609681784064,approved
446357458252686080,approved
1088976021901700096,approved
1848314961497201152,approved
975284256550172928,approved
1136965795721414144,approved
100082201952491520,approved
2249684447689257984,approved
21324338268595968,approved
1755421208382898176,approved
733248282259323136,approved
657608292827521536,approved
1629673131518822656,approved
2115300098299953152,approved
2202424611238192640,approved
1283532990523758080,approved
1226284019235358720,approved
1993939761172142080,approved
1851697127436760320,approved
16477366245581056,approved
2128038452044856832,approved
2010393830505201152,approved
1439578513736034048,approved
183160218627266560,approved
544813214790076672,approved
2125093581556416256,approved
138747382014822656,approved
2295686427686544896,approved
530190741873716480,approved
2117122534242546944,approved
45305616877415680,approved
1852159000856554752,approved
1621375548570765312,approved
333835752418002176,approved
1105679856325302272,approved
501256347711819520,approved
2055316088251874816,approved
1673490127597565440,approved
304157944545302784,approved
2264964458641524480,approved
1705875671738024704,approved
2137355732099644928,approved
771078206645238272,approved
1106574871976086528,approved
657864812563062272,approved
45465779147619328,approved
456245588902047488,approved
1892971900535695616,approved
1548037777155405568,approved
1957845257056630784,approved
465730850571417856,approved
1918505074531873536,approved
1198472070974381312,approved
545965621153208064,approved
1502690766462382848,approved
1375100750247357696,approved
999637161755751168,approved
1923645125099718400,approved
518100721837684992,approved
2144408804231846912,approved
1959199135844044032,approved
1884406361553778688,approved
364444822651289344,approved
338858879912543744,approved
1951628757046091264,approved
176109284357198592,approved
1619465551111544064,approved
321347276181250048,approved
1013630885324647680,approved
520617543540095744,approved
2012559314666660864,approved
1690998113040414976,approved
595862547368113152,approved
1104792523826457344,declined
476879849178874624,approved
1075717649793478912,approved
1609762495462468352,approved
467567988720943616,approved
167127709738266368,approved
1942960157741853184,approved
1474336389020912640,approved
1309576115340294144,approved
1414617401227969792,approved
25019730898701056,approved
942223116532527872,approved
952125542993627136,approved
2010314005402148096,approved
1379184080672545792,approved
302827065934957824,approved
893231561744308736,approved
720860023448209664,approved
1740023299133139200,approved
1731072718654033664,approved
1824013919286879488,approved
101920994537826048,approved
819114413858027776,approved
1185970448009491712,approved
2239385650605711616,approved
823190102899186176,approved
590429751054537216,approved
1565917896915594752,approved
1428032007537232128,approved
1207119882373287936,approved
1708236760345806848,approved
1813101198298421248,approved
1678111545280652288,approved
193623826935734016,approved
1908372750453142528,approved
1202993409211518208,approved
1899524556989076736,approved
311843507126476800,approved
2104753083673527552,approved
1843962934020692480,approved
2298067679671517696,approved
434754542936684288,declined
2006749527390570240,approved
682441933242756096,declined
993625057210535168,approved
2010004381465233920,approved
369491711204356096,approved
1525324407528297216,approved
104747458920006912,approved
99141046143252224,declined
345552628850527744,approved
2231913372356778752,approved
857264963653157888,approved
1352013200965436928,approved
1132177167827480576,approved
1701746897058770944,approved
771088423496277504,approved
1384084926052644608,approved
937490664792622592,approved
1670720363826379776,approved
1479881522747186944,approved
1032539782741282304,approved
1649731225184862976,approved
1735233868956147712,approved
671822628558084352,approved
859578034007764224,approved
899898657756472064,approved
1872009897965145344,approved
2133735398081585408,approved
2246556248776775680,approved
491536973101991680,approved
1943573972829154304,approved
2147906205660994560,approved
2164923846066224640,approved
1563721870925055744,approved
1684073329588658176,declined
131715964755409152,approved
1643166171361251072,approved
1275249127071723776,approved
867921640948621056,approved
1646823569693155328,approved
805767501263211008,approved
112922596198413056,approved
2284731222830713088,approved
1060104864064026880,approved
502158311395947264,approved
1845298675054376960,approved
575575306960293632,approved
2104469738495482624,approved
250551626426939392,approved
1791429494332478720,declined
1621231247790019840,approved
1912815180029169920,approved
375809846067890688,approved
373818639911270144,approved
303776702236537600,approved
1274821993469606912,declined
299202770829532416,approved
1501348141245116416,declined
214732265485441536,approved
2085060512267891200,approved
1381391290763286272,approved
1470402030151233536,approved
950668979404275968,approved
531669294413903360,approved
1475754604114312704,approved
394236889332140544,approved
339360802528945920,approved
727795705362441984,approved
1425094239327407104,approved
242776721967457536,approved
1785073050780136448,approved
137072219254713344,approved
912505248269377536,approved
58500290551974400,approved
1130168910958162688,approved
804344688778730752,approved
362206961273355776,approved
1315169520472791552,approved
452878763062997760,approved
465055036394857984,approved
965709971268953088,approved
2238982510165646080,approved
1964444196334329088,approved
2007256200594078720,approved
526828583699416832,approved
1540981690704273408,approved
1349444522040055808,approved
1133413096035709696,approved
1291415738950243072,approved
570650017829731328,approved
530975783251469056,approved
426450014062013184,approved
933462337723223040,approved
1912272449497683968,approved
1705542800836068864,approved
1561645830039694592,approved
167423039275632128,approved
550223432215526912,approved
2070458083064405504,approved
1530687709678357248,approved
155817575847933696,approved
1691481374143417088,approved
1360582684776717824,approved
2216133865496955136,approved
1046846372007992832,approved
611263349080393728,approved
194578655915157248,approved
1598289440411740928,approved
1127172773503513088,approved
257939070122003712,approved
532092481111128832,approved
2107524568208334336,approved
973610194375191552,approved
809671222692642816,approved
345204484768562432,approved
885110918769046016,approved
755609677310647296,approved
1039098749288391936,declined
604414323326110720,approved
1451149213308409344,approved
1868774937065507584,approved
903073209485206016,approved
1488578702283954688,approved
554616387778575616,approved
2269309747602729984,approved
895578190084309504,approved
804168193820123392,approved
170981329063857920,approved
302325100836209664,approved
769194567705434624,approved
1418781060307105792,approved
410175604479328256,approved
1382933125938829056,declined
1551725410102309888,approved
1032920421995262208,declined
878572798720548352,approved
1800504364752341504,approved
1588968587900062976,approved
972788825869569792,approved
2063612317077679360,approved
1269890388127473920,approved
2235813801134894336,approved
672714694306087680,approved
2204207392566347008,approved
311765467584460288,approved
395156431268556544,approved
347721666595843328,approved
870333422878952960,approved
642711580061019648,approved
336165031801238784,approved
2234179083905362944,approved
378828136542772224,approved
1762253984987843840,approved
299957795741341952,approved
1351111312091545600,approved
1382569777356185088,approved
1080035492221748736,approved
1594371354888960,approved
688245945495729152,approved
2056490367340703488,approved
1974887667202392320,approved
2225335120490632192,approved
1761524687164554496,approved
1737897663136374528,approved
309398505844176896,approved
382872964840497664,approved
246531436517374208,approved
1672589749058626304,approved
1267851731225768960,approved
1586614553152286464,approved
1671399505821264640,approved
1988989045984106752,approved
1404725550865997312,approved
2280022406996930816,approved
776237582919643648,approved
1477664730422325760,approved
509990308222246656,approved
1998439502909422336,approved
1015315116505542656,approved
1494638141810465024,approved
1498589844534265344,approved
863485303171686912,approved
541679715743514624,approved
832673853979475456,approved
2082557810851741696,approved
382829477481796096,approved
2163222939573699072,approved
1401834475986089728,approved
372927713202759168,approved
1842305563950244096,approved
634074866009340416,approved
1610466906573588736,approved
449439190828689920,approved
698523756906471424,approved
291421510504129024,approved
329098598974701824,approved
343871052108998912,approved
233429308972975104,approved
2181535369179730944,approved
2249378093310030336,approved
1774732971617199872,approved
2272255507894621696,approved
901402934072836608,approved
2153836916487744512,approved
436393906877926144,approved
1773764876660287488,approved
306592185324975104,approved
1439626109710780928,approved
1508197882536219648,approved
1074539444025650176,approved
1724877104176937472,approved
1692692782737814784,approved
82328276969975040,approved
131067622201718272,approved
2239598145541924352,approved
1459886518955944192,approved
1071837892195299840,approved
218462803964729856,approved
917570550543131904,approved
455100544617457920,approved
1101129855798363904,approved
442693413136648192,approved
2212970308975624704,approved
1849967626461424128,approved
1667579777198068480,approved
910142396541626112,approved
167758073339428352,approved
1546243785453356288,approved
409859661154961152,approved
1995019802940892928,approved
1935451036149449728,approved
1658779751921136384,approved
1575500304739623936,approved
932077481310461184,approved
917395016896480768,approved
738823522816752128,declined
292711923594904832,approved
1079732063438277120,declined
2127846800321747456,approved
642856192239233280,approved
1585913673487657472,approved
372126312075029248,approved
1998582894578146816,approved
312877141464997632,declined
144172614790436608,declined
1707840539333534976,approved
2191100452307594752,approved
1604558663514401792,approved
703470154384606720,approved
1033416137989115648,approved
1871530033077021952,approved
1042679905662612736,approved
803623457377782016,approved
1969707374514761728,declined
465496280692012288,approved
705380684287143168,approved
1812110832172143104,approved
1881650999852418816,declined
1209814240882119168,approved
2028658137135921152,approved
1753326173243382528,approved
1938554210953378048,approved
1382485666790468608,approved
1413999373649483264,approved
1344374873953410560,approved
1915013181804224000,approved
1031902925538000896,approved
936707064808196864,approved
1893892016049295616,approved
1061049589159463680,approved
331942060323488256,approved
1738663455786285056,approved
955548803814297856,approved
491112410357135360,approved
1714497927770960128,approved
651751771157717248,approved
42190162331748864,approved
1749754447388295936,approved
119570753600045312,approved
120270527167648512,approved
1761441581994236672,approved
166717398927575296,approved
298113936502434560,approved
747633486120273152,declined
923383263429117184,approved
1138459031816085504,approved
1893871627544735744,approved
1123875638862153984,approved
470112949190961920,approved
170195657270298880,approved
2214082705419324416,approved
1076868870418551808,approved
1485188261644090880,approved
664574953580921600,approved
1740717221207697920,approved
2118970516400076032,approved
1681498178540766464,declined
1626295946023634432,approved
1238229486577452800,approved
670624324609278208,approved
2220425259144052992,approved
1917769642788034560,declined
1349369597851279872,approved
92308384799697408,approved
11400501954664704,approved
1904156286920781312,approved
490375646412813056,approved
2171051858581012736,approved
1845883933986355200,approved
1154938561662929920,approved
329441940961258752,approved
899871367220249344,approved
792044840604158976,approved
2268723433135709952,approved
1098602212877667072,approved
1177156935575926016,approved
1861257753599528704,approved
1494538099660334336,approved
523702583392733952,approved
1571001634169876992,approved
1788800692768545536,approved
346664797035345664,approved
1937084546883131904,approved
1037822219804983296,approved
2301291066637468416,approved
1480566943854607360,approved
243272725686567936,approved
1763258452402619392,approved
1282807059620024832,approved
1530175817739429376,approved
550743385303833600,approved
821049888778529792,approved
296636118621449216,approved
1822337494857308672,approved
1487953191196218368,approved
763555348857806336,approved
340957645864574720,approved
282102658374551296,approved
1699424421765609728,approved
1301495961923492352,approved
1652065324004928256,approved
1877416571308329216,declined
450695067030745344,approved
176814795233353472,approved
319101771649664256,approved
2248226760995719424,approved
1139702251048661504,declined
834822753781537280,approved
1618699664748598784,approved
436122576663348480,approved
2181052937088890624,approved
857021134797312,approved
1891517985249278208,declined
1725663253084110080,approved
1283172132275674624,approved
1544474222136286976,approved
262938690438964480,declined
633186185462120448,approved
2086564396015768320,approved
1576213447964350720,approved
1882025231513267712,approved
873932890919853824,approved
221263516289381888,approved
1326679084352594176,approved
632062311909548288,declined
1950716724769580544,approved
2280484330241164288,approved
393854925081658880,approved
920309540351253760,approved
117475250334175744,approved
1036472410508381952,approved
1848765328227096576,approved
1825426348610801152,approved
502423574728702464,approved
1357007348935163392,approved
834796226429968640,approved
955933954883769344,approved
1230725572027081216,approved
1962572069778135296,approved
2034297888064056320,approved
326713326388542208,approved
1702191637413981440,declined
573437381942198272,declined
661593892777619968,approved
1629567450665058560,approved
163239262101660928,approved
1076494697697259008,approved
2070501021919900160,approved
271344381993128704,approved
744137691914884608,approved
1198140021754547200,approved
1398822217231693824,approved
1511974434487414784,approved
184599437194390528,approved
1960954059727497728,approved
2127216098977625088,approved
680004967622790400,approved
385106713208392704,approved
158977742858666240,approved
31684154138463232,declined
1810011664511712768,approved
597671668341984768,approved
892852077242114560,approved
1998284348894212608,approved
775475424304893696,approved
1846614584000608768,approved
1801268383035338496,approved
249772721279337984,approved
32798604082707712,approved
856798416689185792,approved
1654999822453012736,approved
998097286108553984,approved
44924466958691328,approved
984398927284232192,approved
1966719808645614080,approved
817323024780839680,approved
849039922549515520,approved
1894059518327118336,approved
1401098169478164480,declined
700581282952369920,approved
706285232828799232,declined
256918014219710976,approved
2006225932963976192,approved
923325817269559552,approved
71422243174482432,approved
2196313606629364224,approved
1208571457217584128,approved
1500982026601833216,approved
1275719345708302592,approved
1225237680482964480,approved
806268027917168128,approved
1772347727673670912,approved
2131724726280509440,approved
353822709609428224,approved
1811547426101813248,approved
1327426050069668608,declined
190562291252599296,approved
769077074916497920,approved
1097717032091956736,approved
1465185123075716608,approved
396255239560200448,approved
1069302976177283840,approved
1498305882026237952,approved
716717028519290624,approved
1725187619038060288,approved
1332876472637668608,approved
964416914647849984,approved
1841417674085507072,approved
619434612285283584,approved
525799275082804224,approved
1288770711433912576,approved
821225763785109248,approved
492745442005282304,approved
45606888116273408,approved
1714640247997533696,approved
407000225413087744,approved
1481601326362775808,approved
69541656704775680,approved
809902927402268416,approved
1462689469657632000,approved
919570627162932992,approved
2127859320083603968,approved
2252260302841608960,approved
1892425837988823296,approved
1326990049796382720,approved
1801554038408315648,approved
1259772265555932928,approved
989000422096461824,approved
1828813939571998976,declined
365232938646179072,approved
352391286631963392,approved
303889459735849728,approved
2057914823131804928,declined
777203640616531200,approved
2101101769248777216,approved
1930955851823460608,approved
284174292859718144,approved
1998170855477364736,approved
1227981780442520832,approved
2083345833094771712,approved
830050311857705984,approved
139472668173689088,approved
2286687720943862272,declined
2004994805633203200,approved
1020046938778459136,approved
1075694641733556224,approved
1517468667401027840,approved
617076451514428160,approved
1979663163281872128,approved
1292977459676487424,approved
2203770940629059328,approved
1789669574607630336,approved
734281063007680512,approved
146552196673632000,approved
1281474708788525056,approved
841152939885948416,approved
1138106326387956224,approved
1264030269530725376,approved
657732712443467776,approved
245459506232105728,approved
648939685811961600,approved
315355774940946176,approved
1469416331924897792,approved
1256738728412923136,approved
1563310685192601088,approved
1704988577667656960,approved
209020428345291008,approved
356136630761550848,approved
1784751920489778944,declined
1184931349229117184,approved
1324787508748813568,approved
7867629522096896,approved
1858904752691177984,approved
1178460360442868992,approved
273506784996398080,declined
1017611452581820416,approved
497644707534489344,declined
1963914511341025024,approved
1855132190955578880,approved
1550288609337473280,approved
1479317713225004288,approved
747203595767205120,approved
1981083087345341184,approved
406080477506992896,approved
1704148256341995520,approved
549385241558785536,approved
1354479646295554816,approved
526857066602849792,approved
2082071592873259776,approved
682481135578782976,approved
497018934794185728,approved
613907647132675072,approved
1490033037702214912,approved
159903011768775936,declined
549896950990190080,approved
2062276567294190848,approved
365829429542634240,approved
1984496903268629504,approved
739451543099728896,approved
1547956725464195328,approved
1764093093503715584,approved
1117056149379809024,approved
197207599429842432,approved
2282154320454406400,approved
125388794401147136,approved
1824619131234799872,approved
493589662828788224,approved
230407108318324736,approved
703575390663756032,approved
1979754062414483712,approved
937530077119436544,approved
495935598028940544,approved
1689985589645864192,approved
924127217316670208,approved
1214954420201898752,approved
343837350001651712,approved
562029556221800704,approved
1746596986763986432,approved
1226662577175714048,approved
280485193782816768,approved
2091583394732415744,approved
1475968584226851840,approved
1882011670560005120,approved
1576933994343995648,approved
1913097762513085440,approved
1992694944696653056,approved
1759683535101741056,approved
821964626486365184,approved
252753169623889408,approved
54420516057865472,approved
1327606925769642752,approved
206821234279820288,approved
385215097783209984,approved
692987039481578240,approved
1122788821890680320,approved
690148438623070720,approved
444513783966150400,approved
1856787992891356928,approved
1603299264063313408,approved
396986419193858560,approved
542822572819340288,approved
1424833121625941760,approved
1881233572997946368,approved
466785502710611456,approved
1738081249570845696,approved
213677526577169152,approved
2058935324262964480,approved
782488580183645184,approved
2041266558191810304,approved
639315082469853952,approved
2060903465937402368,approved
585500585167161856,approved
1492299949869672960,approved
731854074925323520,approved
2232631532583693312,approved
443690645404611072,approved
431374190088545536,approved
476685382425358080,approved
1544323784427650560,approved
498574732294276352,approved
1100592888617371904,approved
1185913971509989632,approved
615732939186539776,approved
1272425228723618048,approved
2001216581688045056,approved
1851318268518061056,approved
1377789254627156480,approved
649444893075606528,approved
2031207288994173440,approved
1772507233375202304,approved
310896405006304512,approved
1209340561838724608,approved
797771955329024512,approved
1708568204356278272,approved
272210520801965056,approved
2142637146066879488,approved
865342017231689216,approved
736867151352229888,approved
1055909142829073152,approved
184823520880727808,approved
2146650523198149120,approved
1422893434747757312,declined
1970273080891595264,approved
168786739749012224,approved
1304506449674244096,approved
1976871076043995904,approved
354558444350423552,approved
1152479738968656896,approved
1753282882731040768,approved
1104961241185566208,approved
2280982459202335488,declined
1802768173060626432,approved
117730331755308800,approved
1163530138993307648,approved
1761318816633476096,approved
52208531967272704,approved
1319396657279286016,approved
2070752362524092160,approved
614486933072402432,approved
927364179920082944,approved
1300421366978202368,approved
597722397398175232,approved
1531458598510876672,approved
1528461597975487232,approved
1370428792736465408,approved
300109604431632384,approved
170798896704970240,declined
2093402175343521024,approved
290850276822686720,approved
1802299662443034624,approved
1297743385377593856,approved
1690441381596862208,approved
185783699463929344,approved
1687578287146941952,approved
1178427720789401088,approved
2114202350846018048,approved
2113285017275534336,approved
2260761980181373952,approved
623823806564153600,approved
380196067704666112,approved
1450438440400321792,approved
587398091154762240,approved
1037224436006757120,approved
1931092535788218624,approved
2131024351592719616,approved
670239270762471936,approved
778721917501385984,approved
95081239597827840,approved
1550606684099310848,approved
533665366747752192,declined
2080197950669961728,approved
620096092138266368,approved
1850045171650895872,declined
1231773404965278720,approved
1750991875042817280,approved
1006887660547113472,approved
255498198660779520,approved
1388707283901351168,approved
2265694623224145664,approved
910221012182425344,approved
585503165677991936,approved
1291126238208324352,approved
104436925833848832,declined
1089966849864724224,approved
466543927800462080,approved
1650922146938649088,approved
857088575390823424,approved
1391136395364464896,approved
1243293207496700672,approved
1482045018576349952,approved
1607589679822956800,approved
2147236772330558976,approved
2137159980678683648,approved
1860621251525544448,approved
1663414509144477184,approved
21535606242905600,approved
1815058055431016448,approved
208653850253220096,approved
1929681689003082240,approved
1956562291146593280,approved
1382388414639680000,approved
608088045909605120,approved
282971502870172160,approved
1081800807125596928,approved
1498066588015862272,approved
2142383925644076288,approved
1366992844205203712,approved
772610155133318656,approved
1727294168102021120,approved
2102016731194379776,approved
1209825861640311808,approved
1701261690915070464,declined
1825543120963572736,approved
12047356483572480,approved
1413363628240462592,approved
292152660623441408,approved
1619822812461983744,approved
757248310862657024,approved
1803253668127781376,approved
595622850044473088,approved
1645992575331516160,approved
2282806818954049024,approved
1304136691814935808,approved
897829207664290304,approved
2167042478229381888,approved
1842334842146434048,approved
250701901311559936,approved
1722610555364689664,approved
288776999517952,approved
622823951145495808,approved
2194412802067159808,approved
1927589724275997952,approved
936734627732316672,approved
65569113009328384,approved
1040050793862186240,approved
657813792965136384,approved
67825824849906688,approved
1763544533548869376,approved
2055996182740533504,approved
1186395105069405696,approved
371118173292488192,approved
1042752894287279616,approved
3564010415373824,approved
752921346434543360,approved
723271597447467008,approved
1637891568720239872,approved
971974593290109184,approved
2032463148410346752,approved
1803378247644368896,approved
775150419393161472,approved
70974453830900736,approved
617969962234406144,approved
1877047753777118208,approved
543530839664641024,approved
854778195862292992,declined
219135105793768448,approved
1330224527746050048,approved
1794405747316267776,approved
2277036584642261504,approved
2301273294838229504,approved
2199798944927136256,approved
1080292328562266368,approved
1363526153085794816,approved
1813326119950623488,approved
2114516490407885568,approved
1535864076351273984,approved
1892453309334790144,approved
271053035210369280,approved
184872581819380480,approved
1126422705415421952,approved
1194279385079379456,approved
340968338915144192,approved
1533696547242326528,approved
749388216508232192,approved
45885383415631872,approved
162142226182479872,approved
2017099394157281792,approved
205206996307521536,approved
531006982599151616,approved
313356872055618304,approved
991955389541369344,declined
2129639892498953472,approved
2276911035968384000,approved
1832323340317894400,approved
2168428592634793472,approved
915949740354087936,approved
1263371301318498560,approved
751995412569136128,approved
1336969905285821696,approved
1738250866342890240,approved
1666790036344513280,approved
2260480938379316480,approved
707389719196779264,approved
1381135916281765376,approved
918458773506963200,approved
811124694602212096,approved
1516792744769673216,approved
1550293198362703616,approved
887370163978951168,approved
2015068277789976064,approved
1714868982360298752,approved
583705598032882688,approved
2227593560441222656,approved
454092745873037824,approved
1023065647912532992,approved
1970344967524224768,declined
1122112402481613312,approved
737626635486231040,approved
1044771900858900992,approved
1266324052718525184,approved
894585418067354112,approved
2279521883771180288,approved
1254795609865475584,approved
1085695294878320128,approved
1172425976434108160,approved
1868403214277713152,approved
1734804572404635648,approved
1493912880486007296,approved
406891485455159040,approved
44758379527509504,approved
662636722090099968,approved
1662666929183283968,approved
2015536787924756736,approved
54783018208254976,approved
625917997842026496,approved
321554767202216960,approved
21565447209981440,approved
1393269062120529920,approved
1154334435621544960,approved
649216682386260224,approved
2199829180522725120,approved
1274399210212257536,approved
764964245980659200,approved
792747477932417792,declined
558676794964237056,approved
2080003706402844416,approved
2169688248589799424,approved
1467962886493507840,approved
1723024282347387648,approved
739445869768289536,declined
1226103323871855616,approved
2089605141032408320,approved
1275147076963201792,declined
1726977412535269376,approved
2153141915256526080,approved
2179042741811001088,approved
1166791054412820224,approved
227803904455505408,approved
845957450001371392,approved
1187955430494722816,approved
1061058993412817152,approved
1331189193494867200,approved
324492226116236288,approved
822261572072051456,approved
858029233862822144,approved
347646483950545408,approved
1820176900461795840,approved
1252345980841380864,approved
1079344071527608320,approved
1616510155384194560,approved
1990685859968968704,approved
852336227050670848,approved
1698609260203881472,approved
1045272898256339456,approved
1280318792173631744,approved
2292663938524846336,approved
1929919459239402752,approved
266834203525123840,approved
142909675582047488,approved
1221918192841937408,approved
1771867058611320832,approved
183257494755336704,approved
314508956913620992,approved
148432875577290752,approved
935916073970298112,declined
1634956618729200384,approved
404024873178090496,approved
141597617796078848,approved
1218810318409264896,approved
1482192971615137536,declined
432478965326522112,approved
1871320295932506368,approved
202194768697116928,approved
248547783962708480,approved
2151313124362199552,approved
2127815115132966912,approved
1720074565006193152,approved
1869976623651629056,approved
1826536437599602688,approved
653057039252939264,approved
962042097158991360,approved
364433042447622144,approved
450613680111056896,approved
2161629681056388864,approved
1068223716699610368,approved
2109556539732895744,approved
479226642679488000,approved
479672797758973952,approved
978434475614246912,approved
1572898768299009024,approved
2217988428957185536,approved
236072825170271232,approved
610833270284512256,approved
186325213537394432,approved
757689071816215552,approved
1712135891905419008,approved
533222293318088704,approved
1746190199741824000,approved
215981658825241600,approved
33041026885341952,approved
1802363902489337600,approved
2163568569082110208,approved
258647445097117440,declined
1251687661571896576,approved
145084823606612992,approved
1356812641361203456,approved
2299047867319582976,approved
311673160956073984,approved
1091784670275452672,approved
1916508734796722176,approved
636810313409373952,approved
1637849410412568832,approved
1027155928044986368,approved
2035936897617791232,approved
2282028457556659456,approved
2043397889951601152,approved
1461758292114500864,approved
1320868966537052672,approved
1080265776132655104,approved
586595425278495488,approved
1584645414688822528,approved
1031302585196549888,approved
129233507999783680,approved
1455669203783827712,approved
1878973493199745280,approved
1983114346401723392,approved
1624457079344794624,approved
692128283662819840,approved
2202242417061718528,approved
258375901085975040,approved
26431558795873024,approved
1555609903850447104,approved
873191132042828544,approved
1750302630695336448,declined
2024697027828861184,approved
1583731866069621504,approved
2080764138935552,approved
439531581480269312,approved
745078445554232832,approved
562464794193625600,approved
419684513095898624,approved
128837198260332800,approved
1444627347016443136,approved
1129725858876203008,approved
485495751570093312,approved
927578212630425088,approved
1435484355519461376,approved
2182676121184825344,approved
1722384032307158016,approved
38778217193054464,approved
90736117762814976,approved
984024455764793600,approved
830158226045417984,approved
814188008306505728,approved
425027942857486848,approved
387826734142065664,approved
1841408865029396224,approved
1646847558078757376,approved
1354110328431954688,approved
1121927295213833984,approved
2222199115262990336,approved
1378353148430945792,approved
863401143577866752,approved
977998590493120256,approved
1156583390710156544,approved
1663870842821777664,approved
1768364695451576064,approved
557030660496803840,approved
149890117293596160,approved
1529963028000184576,approved
324456655728127232,approved
852240555429787648,approved
903685969456838656,approved
2021254821586301184,approved
1092953403167958528,approved
616750318785397504,approved
1815717113860178176,approved
1340543162181687296,approved
809143589439111424,approved
790963125284641024,approved
621080065703590144,approved
2150169842238338560,approved
1978588642351161344,approved
1539997290466641152,approved
1314100178809451008,approved
2236035017640993024,approved
984974606844799232,approved
1247591613595799296,approved
1260018088739524864,approved
1825826512674708736,approved
1869030510587679744,approved
429382896526629120,approved
296931901238134784,approved
615680546050138880,declined
1806406648034816000,approved
1475775219071959040,approved
560172631169953792,approved
206444698506010624,approved
1595862360559879424,approved
879889749720017664,approved
242909456443720192,approved
138725642700761856,approved
1680321200653072640,approved
